Account,Delta,Vega,Theta,Gamma,D2X,MarketValue,SharesOutstanding,UPX,SharePrice,DeltaRank,VegaRank,ThetaRank,GammaRank,D2XRank,TotalRank
SIXO,0.518,-0.17999999999999994,0.146,0.0010000000000000009,40.0,98120359.71000001,3225000.0,532.9,30.42,14.0,30.0,15.0,6.0,5.5,70.5
JANT,0.482,-1.002,0.15100000000000002,-0.005999999999999999,104.0,49334655.71,1450000.0,532.9,34.02,18.0,3.0,13.0,30.5,15.5,80.0
SEPT,0.503,-0.5539999999999999,0.416,-0.013,20.0,12374664.17,425000.0,532.9,29.12,16.0,24.0,2.0,37.0,2.0,81.0
SIXP,0.531,-0.30900000000000005,0.28700000000000003,-0.006,20.0,29565289.05,1125000.0,532.9,26.28,13.0,29.0,5.0,32.5,2.0,81.5
SIXJ,0.45899999999999996,-0.5779999999999998,0.137,-0.0010000000000000009,104.0,124711010.37,4400000.0,532.9,28.34,19.0,21.0,16.0,10.0,15.5,81.5
FEBT,0.505,-1.048,0.131,-0.005999999999999999,125.0,27087340.03,850000.0,532.9,31.87,15.0,2.0,17.5,30.5,19.0,84.0
DECT,0.414,-0.987,0.195,-0.006999999999999999,83.0,20179960.29,650000.0,532.9,31.05,24.0,4.0,10.0,34.5,12.0,84.5
SIXF,0.45799999999999996,-0.7080000000000002,0.131,-0.002,125.0,12624050.2,475000.0,532.9,26.58,20.0,14.0,17.5,14.0,19.0,84.5
SIXD,0.433,-0.577,0.15700000000000003,-0.002999999999999999,83.0,172396614.42,6775000.0,532.9,25.45,22.0,22.0,12.0,17.5,12.0,85.5
MAYT,0.554,-1.113,0.10099999999999999,-0.004,186.0,17217616.07,550000.0,532.9,31.3,12.0,1.0,22.0,24.5,27.0,86.5
MART,0.613,-0.734,0.095,-0.003,144.0,34721905.04,1100000.0,532.9,31.57,8.0,12.0,25.0,20.5,21.5,87.0
FLAO,0.652,-0.10599999999999998,0.06399999999999999,-0.002999999999999999,40.0,20636372.27,800000.0,532.9,25.8,5.0,31.0,31.0,17.5,5.5,90.0
JANW,0.30500000000000005,-0.8009999999999999,0.165,-0.004,104.0,218648473.44,6775000.0,532.9,32.27,31.0,10.0,11.0,24.5,15.5,92.0
NVBT,0.26,-0.801,0.26,-0.006,63.0,10151014.64,325000.0,532.9,31.23,35.0,9.0,6.5,32.5,9.0,92.0
DECW,0.26499999999999996,-0.7690000000000001,0.20500000000000002,-0.005,83.0,79602655.77000001,2675000.0,532.9,29.76,34.0,11.0,8.0,27.5,12.0,92.5
AUGT,0.607,-0.8709999999999996,0.082,-0.002,249.0,167269640.2,5725000.0,532.9,29.22,9.0,7.0,28.0,14.0,36.0,94.0
SIXZ,0.386,-0.664,0.199,-0.005000000000000001,63.0,7826340.07,300000.0,532.9,26.09,28.0,19.0,9.0,29.0,9.0,94.0
OCTT,0.29799999999999993,-0.685,0.328,-0.008,40.0,39686368.58,1075000.0,532.9,36.92,32.0,17.0,4.0,36.0,5.5,94.5
JUNT,0.589,-0.907,0.09,-0.003,207.0,25799510.39,850000.0,532.9,30.35,11.0,6.0,27.0,20.5,30.0,94.5
FEBW,0.31799999999999995,-0.8480000000000001,0.14800000000000002,-0.004,125.0,73494245.73,2475000.0,532.9,29.69,30.0,8.0,14.0,24.5,19.0,95.5
APRT,0.6559999999999999,-0.5149999999999999,0.07600000000000001,-0.002,165.0,65832728.0,1825000.0,532.9,36.07,4.0,26.0,29.0,14.0,24.0,97.0
NVBW,0.18499999999999997,-0.629,0.26,-0.004,63.0,32137729.979999997,1075000.0,532.9,29.9,37.0,20.0,6.5,24.5,9.0,97.0
OCTW,0.204,-0.538,0.33799999999999997,-0.005,40.0,125616001.16,3625000.0,532.9,34.65,36.0,25.0,3.0,27.5,5.5,97.0
SEPW,0.29399999999999993,-0.47000000000000003,0.518,-0.006999999999999999,20.0,32149982.810000002,1150000.0,532.9,27.96,33.0,28.0,1.0,34.5,2.0,98.5
JULT,0.63,-0.6949999999999998,0.075,-0.002,227.0,113716401.64,3075000.0,532.9,36.98,7.0,15.0,30.0,14.0,33.0,99.0
ARLU,0.679,0.876,0.021999999999999992,0.005999999999999999,165.0,23092612.98,900000.0,532.9,25.66,3.0,36.0,36.0,1.5,24.0,100.5
MAYW,0.37,-0.9169999999999998,0.116,-0.003,186.0,56232959.19,1925000.0,532.9,29.21,29.0,5.0,19.0,20.5,27.0,100.5
MAYU,0.774,0.868,0.007999999999999993,0.005,186.0,13966731.95,525000.0,532.9,26.6,1.0,35.0,37.0,3.5,27.0,103.5
JUNW,0.403,-0.7109999999999999,0.10399999999999998,-0.002,207.0,226028357.56,7900000.0,532.9,28.61,26.0,13.0,21.0,14.0,30.0,104.0
MARW,0.412,-0.6709999999999998,0.11599999999999999,-0.003,144.0,155773385.75,5275000.0,532.9,29.53,25.0,18.0,20.0,20.5,21.5,105.0
APRW,0.449,-0.502,0.1,-0.0010000000000000009,165.0,193969826.26,6229000.0,532.9,31.14,21.0,27.0,23.5,10.0,24.0,105.5
FLJJ,0.486,0.2280000000000001,0.03699999999999999,0.0009999999999999992,104.0,7377436.94,275000.0,532.9,26.83,17.0,32.0,34.0,7.0,15.5,105.5
JNEU,0.688,0.896,0.023999999999999997,0.005,207.0,13445318.67,525000.0,532.9,25.61,2.0,37.0,35.0,3.5,30.0,107.5
JULU,0.631,0.7849999999999997,0.039,0.005999999999999999,227.0,29983903.419999998,1200000.0,532.9,24.99,6.0,34.0,33.0,1.5,33.0,107.5
AUGW,0.39599999999999996,-0.6869999999999998,0.1,-0.0010000000000000009,249.0,277519772.49,9950000.0,532.9,27.89,27.0,16.0,23.5,10.0,36.0,112.5
JULW,0.423,-0.5680000000000001,0.094,0.0,227.0,280008810.03000003,8400000.0,532.9,33.33,23.0,23.0,26.0,8.0,33.0,113.0
AUGU,0.601,0.7190000000000001,0.044,0.004999999999999999,249.0,4946290.9,200000.0,532.9,24.73,10.0,33.0,32.0,5.0,36.0,116.0
